id,code,created_at
01a07756-fec3-70c1-8e56-e395a0041c22,VWwo7jCDoJGgk8lEVaSgw5qwKpNEAgBO,2026-09-06 15:29:45.1743+00
01a07757-07c8-7a02-8400-4645b89de9e7,hwmb5hfz95oNEEOpSckgCSzFAcKYH9K2,2026-09-06 15:29:47.468299+00
01a07757-0b74-79f3-911f-e8dacfa563f6,ddMbkXHkowW2p2gLPLRU0o8d9u0ym3JF,2026-09-06 15:29:48.40637+00
01a07757-0ca5-7c13-bf3b-ebb367352212,FgqNRDBXiXDIJ9wFqZAC0OKCed5ePaGA,2026-09-06 15:29:48.709857+00
01a07757-18bc-7c53-9973-d88b99a824d4,3Z2zDBqG4ToAqkN0rUIoKZdwPBnW01Qm,2026-09-06 15:29:51.80563+00
01a07757-345c-7e61-be72-a075e7913771,BT6FPPjG0B06TmRiNEao5rKkwURV0LsP,2026-09-06 15:29:58.884412+00
01a07757-34c6-7571-b2da-d665dbe8b7e4,Z4uoWU5XMlLdVzBaKx9EEmQuIJkQhpx9,2026-09-06 15:29:59.118557+00
01a07757-3757-7c31-b2f1-ee48e9c1d3ee,AydIlqZNFidWjdbMjOQ6tGp3gJxxpMSN,2026-09-06 15:29:59.640045+00
01a07757-3b1e-7b82-b8a8-370240989c94,wzZ84biS8CWj4N93hR5M1vPDR1U3hjn2,2025-01-01 12:00:00+00
01a07757-3b58-7d02-94ec-0fd83b56f781,9ftwqEGpzgSxaDHj9f9oi1EIVlrzD62G,2025-06-15 10:30:00+00
01a07757-3c52-7300-a4ed-ab9a49fc88ad,tnJ64eQCim0pnMFUo17jKOaegaIepMsX,2025-09-21 08:15:00+00
01a07757-3c9b-71f2-b5f3-2c9e0dd849e9,bP0m6KXlmtRO8oUyXmHL1DWjHOaEHb94,2025-03-01 09:00:00+00
01a07757-6c70-7023-b7fb-344c474e43a1,indkeYEIjObfIWRZfrP79pyH9nBPX7Tk,2026-09-06 15:30:13.239026+00
01a07757-6e13-78c2-b652-9e9a688195ae,BPnXbOA6159De01ieYXEWEZxWrUT6IeO,2026-09-06 15:30:13.655542+00
01a07757-6e1f-7a71-9a9b-3f57f656abd3,CFzKZhTHcvqzuIURLGwC1dqfiXHAHUus,2026-09-06 15:30:13.666214+00
01a07757-6e37-7262-8ea1-a84a0ec1653b,AF2C4SHwLZv5FkbBymf9qjhA3hDg2r6X,2026-09-06 15:30:13.690305+00
01a07757-6e39-7242-bcc5-7915d04dea84,LHOOinYIuiJI6Jl6CCu8KD2gscLQhm0V,2026-09-06 15:30:13.690159+00
01a07757-6e6d-7a22-8e8a-ea678932ef0d,2hgpHt7VGNiHdYulB8lShpaakaYSMMZy,2026-09-06 15:30:13.744313+00
01a07757-73be-7fa0-a966-a476776a37da,6LqVekEW9AwkUec4o3vbmQb2dxgFmBvD,2026-09-06 15:30:15.10378+00
01a07757-73ea-7450-8bb7-efded342a6bf,kTIAZh4KpmFkjueVXDPSUhaeUERwfFcz,2026-09-06 15:30:15.147442+00
01a07757-75ce-7971-831b-1809f9870191,bJyGyMHoHqV5IVsn9rNMbCRKwzV9vNCg,2026-09-06 15:30:15.631416+00
01a07757-7678-7821-960e-97ad49bc721c,AHeXzlhwNRRDAOfQN8drnKGLYC7zM1sd,2026-09-06 15:30:15.801339+00
01a07757-79e7-7e52-bb04-d3e7056b9157,P0lU8N7K0TpVGKEHaRtkkSIAyfJRsQ6G,2026-09-06 15:30:16.682701+00
01a07757-7c46-74c0-bbf6-e36d88b141e9,X6nvMKEx5utdeyGuvw5mLvdcvnjMf5TD,2026-09-06 15:30:17.29039+00
01a07757-90c9-7b70-bb45-8ed43590b736,XvsDlI2edKTBIVGU0Wcpw9G4ZnwHD0VP,2026-09-06 15:30:22.552342+00
01a07757-920b-70c0-aaa2-cdc1b16ae111,fwH353o0SBsTAZMCNBNH09UGo8qAFhGW,2026-09-06 15:30:22.874195+00
01a07757-92fa-7b51-a30b-b40834914ea9,Oc3JKNjU4sq6u8ValwJgY7u4CmZBb0Um,2026-09-06 15:30:23.39482+00
01a07757-9360-7221-8c6b-f940f2a4be8d,3pW18lezUZYYHVzzEgsootO2wucWaErg,2026-09-06 15:30:23.207086+00
01a07757-9473-7d30-9d67-8f642dd8d487,6NzdANfFzdQSORbIETmlzHDtatuPeAzA,2026-09-06 15:30:23.714305+00
01a07757-9518-7c42-8e5b-15d1b5187ce9,CPDFEE1GXrDsssxHw7feuBUd6uJ6YBdt,2026-09-06 15:30:23.642278+00
01a07757-951d-71c1-a636-b59d75ef6ae5,C9Lui4nfBme6rHGUzuL7aWg23hGNZvWE,2026-09-06 15:30:23.648065+00
01a07757-99b3-7472-b093-361ae1267c05,DiRRuGA6mgqG4Lo3m2DrWPUKAkFQmDEB,2026-09-06 15:30:24.821359+00
01a07757-99c9-73e2-aa69-04cb1d61b260,WsMaGuzSD5NnCDaUcHyE9NjoLWD8l7d0,2026-09-06 15:30:24.842888+00
01a07757-99f3-7412-bb47-27981c4a4c0c,QTclwEEfNVxe9UkG5MHfLsgyUA2bBpdF,2026-09-06 15:30:24.891281+00
01a07757-9a97-7620-99c1-eb0cd09bc438,kUp7REhPJdHf59Mhk8c0KtZ7SeUUY4VL,2026-09-06 15:30:25.049852+00
01a07757-9dfa-7a10-9a1e-7112f724ac6e,3AChtHmCjsHWDEUd2pzH1mXJbxiMSitg,2026-09-06 15:30:25.931288+00
01a07757-a0d6-7892-8cc3-9da563b7fc76,8eICam9iNz8zaIuLo52gu16UczEEr4MK,2026-09-06 15:30:26.649105+00
01a07757-abac-78f0-b8ac-7deb334c1ab2,3K6HXzPCnYzVmuWVf9haALWqBqKzEeKY,2026-09-06 15:30:29.42493+00
01a07757-ae26-7e60-bf48-a6d4d64c0f54,tx_template_code,2026-09-06 15:30:30.05806+00
01a07757-b114-7d00-afed-a40daab6ea1c,3In7QfThAODOtmyD9ofhJGkJ90whOWvs,2026-09-06 15:30:30.809742+00
01a07757-b114-7d00-afed-a4121ec14872,DSGtRnHMSEvZZbt6qQwIgbFptXCNnTWy,2026-09-06 15:30:30.808972+00
01a07757-b114-7d00-afed-a42f6ac30800,2IV3vVJXk2IJNrzaNM5raTn69sp2cJr9,2026-09-06 15:30:30.808764+00
01a07757-b118-73b0-880d-a87743c7c633,WFpvtozi5nrr14AsFfrHANjEd0QHgOCI,2026-09-06 15:30:30.809107+00
01a07757-b11d-7812-93c8-2863e2952b37,J50PTH3LYl3QH1BOQgmKBrsOTHATLp3l,2026-09-06 15:30:30.815864+00
01a07757-b13b-7892-a975-3d9634d97bdd,iCUxa4vx54ax6vwj5r8CTHNk2xdjk4wb,2026-09-06 15:30:31.489515+00
01a07757-b140-7b31-b394-23d95fa0f913,TJSgPPriMoztGot4nERuB3noFOMdAKk2,2026-09-06 15:30:31.261287+00
01a07757-b3e3-79e3-94be-9df3b704dac7,xTePkbxtjV2AK1FGwtvKq1d6hd0uuSxn,2026-09-06 15:30:31.528381+00
01a07757-b8de-7701-8cc3-46ef1acfd093,0zGBpTjVIQIfKxValzy2Rajz3pOeCP9u,2026-09-06 15:30:32.80039+00
01a07757-b936-70f0-b486-6b3ddfa1afce,qZ2679Ul1iDcpSRbwa5qv1rxXsa6sOkv,2026-09-06 15:30:32.887+00
01a07757-de90-76f3-a4d5-fcde77e25e5b,GENERAL_INCOME,2026-09-06 15:30:42.449878+00
