id,name,code,created_at
00000000-0000-0000-0000-000000000001,Ledger,,2026-09-06 15:30:42.41947+00
01a07756-fcdd-7a23-8c53-5b4167184fda,NwoOvKYJJvvdJ6a3Vb5aM0ByEMpO5jpP,,2026-09-06 15:29:44.672395+00
01a07756-fcf3-7072-966e-670ee46251dc,SjhSUTim5ixqWqgtfSSlsm4C7ZIZhONH,,2026-09-06 15:29:44.693647+00
01a07756-fd01-71c1-92da-b5887157c341,QU8lQzkIp6TNszsMDyiqLFDIZYxgrB7e,,2026-09-06 15:29:44.706285+00
01a07756-fd01-71c1-92da-b590a1fc87ce,a0p5OvmTCabi3eGiApFUTkbUDwdD4cLt,,2026-09-06 15:29:44.706052+00
01a07756-fdc3-7623-81c5-962bc7edf3cb,32oiLdnXppwNTIojKmBRRw4I3iGe0mW2,,2026-09-06 15:29:45.154853+00
01a07756-fde8-77c2-85e0-e4094b6c94c7,EZhUAcHMUw48lszxepeuPd1MOl1RGRzt,,2026-09-06 15:29:44.93723+00
01a07756-fdfa-72e2-91f8-50228c9fc892,KiLVCuQbwEdMqxKANK50UpgY7tELfYq7,,2026-09-06 15:29:45.345139+00
01a07757-0638-79e1-a089-baceb9440dfe,7CbiL7TCD2k2VDHAAoBlCkRGML1707vI,,2026-09-06 15:29:47.419173+00
01a07757-064b-7c73-8c77-f948cd74cf51,2Pa7DLWQAkwn6SvVhAGsySh0WTk6ZRRU,,2026-09-06 15:29:47.086215+00
01a07757-074f-7882-bc35-1710e26d5cc9,7oVEQ6PZSE9xMYABC4NoWCb658BNsOJn,,2026-09-06 15:29:47.347274+00
01a07757-079f-7931-b396-6f33eb02fcb1,R7wgMSbb6zTEWfNjfdKYsOQMjp21VN5a,,2026-09-06 15:29:47.429601+00
01a07757-07a8-70e0-8e4a-d8a635bcbe2c,wdAgIiYLVsRA3l6I8UGDx5AFhxuTdOBX,,2026-09-06 15:29:47.66132+00
01a07757-083a-7e82-89d1-ce6ce634ea8e,vLdi1Nff1yffEodgITKmmoSWn9YrvRMN,,2026-09-06 15:29:47.579672+00
01a07757-0847-7c50-9139-9b8a7a2d38f4,7MDBTBCJDbI7HjfJGr4U70HwfKIBHWIU,,2026-09-06 15:29:47.59653+00
01a07757-09ef-7c23-96ec-b5ba0ca88215,iRsb7InTwnPAtpKCFRnNI2sfLtmAT6Y9,,2026-09-06 15:29:48.018624+00
01a07757-0a09-79f2-9f43-57f9f2a2b525,j5GC7Rm3Trg2uMHJyPmdso7qyIFkPJkE,,2026-09-06 15:29:48.042757+00
01a07757-0ec6-7a70-bd40-b95b15f4f055,x1iIT3gjU7gfN81WB9TtLITZqD1tSWJz,,2026-09-06 15:29:49.257379+00
01a07757-0fa1-74f3-a713-aa7f486ad2f3,GYZxNCHMzcT9PI8Ail7Ju5H6KrBEoOTV,,2026-09-06 15:29:49.474272+00
01a07757-0fdf-7120-acc3-46896495a63b,DNjRWuquYdL5pC159zmmsyzGZEuYGWli,,2026-09-06 15:29:49.53819+00
01a07757-118a-7102-af85-e89fd7570a38,hUaDi6GpgzlIrEPa3YLFukHnmIJEe5Eq,,2026-09-06 15:29:49.963138+00
01a07757-1378-7010-bc81-c5e2a1348b88,w0MB2cQpU1JdopyFqItYvQ25sy8xZe4y,,2026-09-06 15:29:50.46228+00
01a07757-13e2-7f22-89aa-e9d6f612c09d,Fo0Ev7VGAnUEeDkZk9oJdNJbu6QjYMMu,,2026-09-06 15:29:50.563298+00
01a07757-1413-7782-9896-4d0744916039,qluVIwcsmwMy4Fh8abN3Gp6DJfrzCquG,,2026-09-06 15:29:50.61429+00
01a07757-1506-7320-b721-8aaf961a72a4,LUFKT9YTMeXd3BYaCLLRSVS8oLdPR1S8,,2026-09-06 15:29:50.855834+00
01a07757-188b-7803-b9a9-ee97969e21e1,edtsvRoJb36wMSsXdPBcmhpIPsVFq56M,,2026-09-06 15:29:51.756635+00
01a07757-3415-71b1-8a31-162540732dc7,bH4BmV4m7Fw2kzc7GJY0QmgBNanYDjIq,,2026-09-06 15:29:58.806176+00
01a07757-3417-7df3-8b4f-15889efd2142,dx61PCrWhOPPK4LB0tepjmIRVkOTZ14y,,2026-09-06 15:29:58.807465+00
01a07757-36d2-74a1-b38b-f19ee7674061,drh81rtGmrQyr5cD9ERv5ZTb5T9opuqY,,2026-09-06 15:29:59.507855+00
01a07757-3add-7432-9975-8ba6425c01b7,0SHwD3CKqnw2T9UplaBS4zkzOh4t8Rkm,,2025-01-01 12:00:00+00
01a07757-3ae8-7cb0-a046-09c1ef040890,0LKtlWPzJPlMEeNJbBC6sFuGChYfeDJg,,2025-09-21 08:15:00+00
01a07757-3b27-7851-90f4-9925c833b007,X06XRpPhUE8YEaXqQbQTGha6yl9BNdSR,,2025-06-15 10:30:00+00
01a07757-3bb6-7260-8642-37791ed35604,N0RgA7NqrB7Dl0UVU6NnwCXYcpxoyuyV,,2025-03-01 09:00:00+00
01a07757-6ae8-7753-a09e-e8bccbc3b14a,zEITqQtNRH7gsBoW1QQvO07AvtAoAByE,,2026-09-06 15:30:12.841045+00
01a07757-6af1-7963-9fe2-4daee4acb105,PIncvYIYZRN6JAGn8IljyxSPx0TsI416,,2026-09-06 15:30:12.852196+00
01a07757-6b08-7150-a534-2b0b7828eef8,YPPmapkuWjaXfMdf3OgooMgYeOEg11cO,,2026-09-06 15:30:12.873163+00
01a07757-6b0e-73b3-8af0-a4bbdc35ed0e,gthEvEJpS5s2bZXEJ6m9z2Dz8Aho0byz,,2026-09-06 15:30:12.88009+00
01a07757-6c0e-7733-b6e0-6d081b11755d,VOht3lIqTXjUoacS3ikWMXSBASS23OnQ,,2026-09-06 15:30:13.608281+00
01a07757-6cec-7a72-8dff-cbf874ec6d80,NYvoblGDSjC9xmlSEJnDKOHzHLxZDoEI,,2026-09-06 15:30:13.3572+00
01a07757-72a0-7a51-8e2f-c392653aa1c6,h0vRwXZeviKS9caVM4D7x9hMOMhy6GXm,,2026-09-06 15:30:14.818296+00
01a07757-72ec-71e0-bd1e-7d939dab7faa,7fKtC6ImImuw2BtmevzfuOXnjVSizD1U,,2026-09-06 15:30:15.066815+00
01a07757-746c-7be0-b86d-fc88561cb42c,SIY26yDRet5bLmD6fXVtjGyeu9ibQ0l1,,2026-09-06 15:30:15.280441+00
01a07757-759c-79b2-9f0a-1354e366fb56,2j4fna0r9y9uFMqd0G47X12ucPBi73YL,,2026-09-06 15:30:15.581067+00
01a07757-79b1-7fa1-a073-017d68bb6824,XgkVENJl2rB9kNCGwp4TabDRhaA6Opnr,,2026-09-06 15:30:16.626081+00
01a07757-7bb3-7cb1-b3c3-7a0546a8a9cf,mnJpTE3XNveCtOy9Le9gFCUATahbilpZ,,2026-09-06 15:30:17.13971+00
01a07757-903e-7103-982e-76a0f321d911,uJ4t1p102SIHg0zHh5XwO1iYXOm7MFaW,,2026-09-06 15:30:22.40065+00
01a07757-90ea-7170-97d6-dd28ca359de0,9bKxzFEeS8xQR9FbzgfIF0vretbxAPAW,,2026-09-06 15:30:22.577319+00
01a07757-90f6-7ca2-9931-c03ede6acaf9,0bApY9fOoDN4ZDHfOMaNF7nZDVmKUTXO,,2026-09-06 15:30:22.584168+00
01a07757-9102-7c80-b07f-9cfe7b06dc0a,h1NEKoHXiha5OQAEa4TZ1ioF6CVhLgcM,,2026-09-06 15:30:22.595849+00
01a07757-9218-7a80-bb8e-ad900531f7e6,SZrpRsu2oNAQyIEYXtW8MpdH7Od69iAJ,,2026-09-06 15:30:23.21581+00
01a07757-92e2-72f2-93f2-9c1020301029,s23uPQIrJ55vGbScn6DRFyu7k37HfNyT,,2026-09-06 15:30:23.075486+00
01a07757-94a6-7810-ab43-bb6bfd1baf20,dhB6CBj0r8dKDBRX0UQM6R5HHUeb6F4c,,2026-09-06 15:30:23.535308+00
01a07757-9506-7103-9ec6-09cbefd8da74,fDKEBJMmOx4acA6zkLkZpyTjp8pF1wqO,,2026-09-06 15:30:23.622839+00
01a07757-984c-75b0-ae88-ac75c0c27c9f,SMH4rvfUWaR2ORUYKcfn3uAQgooHU7pv,,2026-09-06 15:30:24.469282+00
01a07757-998c-76c2-a8a9-4397148323cd,slH0Zi6wzICDHLJkZW2NCg9debd0CyFI,,2026-09-06 15:30:24.781746+00
01a07757-998e-7950-992f-849adc533de3,qUQTeyVGTR1AKDMKWmjooEANJ56nUfET,,2026-09-06 15:30:24.785375+00
01a07757-99b6-7ff0-bf13-83dd6ad07a1e,i5ARVTuSsa4zBH0DNtXIpDWfxa0Jhb9O,,2026-09-06 15:30:24.823493+00
01a07757-9b49-78d2-ba3e-8cb7e6c2f25d,NKR41VoF4MQr6KPdZyUAHQlJThU2oecg,,2026-09-06 15:30:25.47176+00
01a07757-9fb2-7d52-8bc6-bc50b332b733,8wdIb7upSBSJ9yvdZViZ2RsjabOsg2e7,,2026-09-06 15:30:26.35671+00
01a07757-ab63-7f51-8139-13159b30f81d,eWybnjoqPx4rTPWrZwKEw2KrvByb8VYj,,2026-09-06 15:30:29.348229+00
01a07757-b0c8-7ea0-88b0-adc59c62c159,1Wd8uNYwNOUpK8z3SYeQVgAFLlZTGEgv,,2026-09-06 15:30:30.729153+00
01a07757-b0cc-7a73-9477-1f6162235881,VLZEozYArrUUeisOvgHQm5QII3Q6klNN,,2026-09-06 15:30:30.735383+00
01a07757-b0fa-72a1-af99-605273fa43b7,NGf54Ekj8j3NggwcdKlDHfXBel2FhScP,,2026-09-06 15:30:30.779742+00
01a07757-b0ff-7ae2-9f77-c9f93ce94090,qAJ8oGcYn0YnmBQQoOy77qBrVJyiZKlk,,2026-09-06 15:30:30.786843+00
01a07757-b108-7771-bcb9-59bac292af91,OmVcPwfhaISa6f07Q8cvPzzZGXy6cxMb,,2026-09-06 15:30:30.793707+00
01a07757-b128-7d31-8abe-d2fecdd5d188,PneOs85HgZ7EaqzTZZZuVFspbmAzFbjL,,2026-09-06 15:30:30.826301+00
01a07757-b129-7442-bc60-8b5951028d23,ZGhRLlHX2lfkBuLmBEhaCzNA4LTPxYLS,,2026-09-06 15:30:30.826392+00
01a07757-b310-7d91-b68c-74ecc99476dd,rkB0LHLk84BgFujFSWFcqd5Pya6Ue05i,,2026-09-06 15:30:31.315398+00
01a07757-b8cc-7d73-8fc8-8d3b3bc43b72,FiEdwwUVoyYGrd64ncGL5BpJENBhgxW5,,2026-09-06 15:30:32.78228+00
01a07757-b924-7d11-bd7e-dd45440c1b67,trmTo5mglm0MYfm1YSgFCXVn6h64ifv2,,2026-09-06 15:30:32.874662+00
