id,sequence,event_type,event,context,recorded_at
00000000-0000-0000-0000-000000000001,1,initialized,"{""type"": ""initialized"", ""values"": {""id"": ""00000000-0000-0000-0000-000000000001"", ""code"": null, ""name"": ""Ledger"", ""config"": {""enable_effective_balances"": false}, ""status"": ""active"", ""version"": 1, ""description"": null}}",,2026-09-06 15:30:42.41947+00
01a07756-fcdd-7a23-8c53-5b4167184fda,1,initialized,"{""type"": ""initialized"", ""values"": {""id"": ""01a07756-fcdd-7a23-8c53-5b4167184fda"", ""code"": null, ""name"": ""NwoOvKYJJvvdJ6a3Vb5aM0ByEMpO5jpP"", ""config"": {""enable_effective_balances"": false}, ""status"": ""active"", ""version"": 1, ""description"": null}}",,2026-09-06 15:29:44.672395+00
01a07756-fcf3-7072-966e-670ee46251dc,1,initialized,"{""type"": ""initialized"", ""values"": {""id"": ""01a07756-fcf3-7072-966e-670ee46251dc"", ""code"": null, ""name"": ""SjhSUTim5ixqWqgtfSSlsm4C7ZIZhONH"", ""config"": {""enable_effective_balances"": false}, ""status"": ""active"", ""version"": 1, ""description"": null}}",,2026-09-06 15:29:44.693647+00
01a07756-fd01-71c1-92da-b5887157c341,1,initialized,"{""type"": ""initialized"", ""values"": {""id"": ""01a07756-fd01-71c1-92da-b5887157c341"", ""code"": null, ""name"": ""QU8lQzkIp6TNszsMDyiqLFDIZYxgrB7e"", ""config"": {""enable_effective_balances"": false}, ""status"": ""active"", ""version"": 1, ""description"": null}}",,2026-09-06 15:29:44.706285+00
01a07756-fd01-71c1-92da-b590a1fc87ce,1,initialized,"{""type"": ""initialized"", ""values"": {""id"": ""01a07756-fd01-71c1-92da-b590a1fc87ce"", ""code"": null, ""name"": ""a0p5OvmTCabi3eGiApFUTkbUDwdD4cLt"", ""config"": {""enable_effective_balances"": false}, ""status"": ""active"", ""version"": 1, ""description"": null}}",,2026-09-06 15:29:44.706052+00
01a07756-fdc3-7623-81c5-962bc7edf3cb,1,initialized,"{""type"": ""initialized"", ""values"": {""id"": ""01a07756-fdc3-7623-81c5-962bc7edf3cb"", ""code"": null, ""name"": ""32oiLdnXppwNTIojKmBRRw4I3iGe0mW2"", ""config"": {""enable_effective_balances"": false}, ""status"": ""active"", ""version"": 1, ""description"": null}}",,2026-09-06 15:29:45.154853+00
01a07756-fde8-77c2-85e0-e4094b6c94c7,1,initialized,"{""type"": ""initialized"", ""values"": {""id"": ""01a07756-fde8-77c2-85e0-e4094b6c94c7"", ""code"": null, ""name"": ""EZhUAcHMUw48lszxepeuPd1MOl1RGRzt"", ""config"": {""enable_effective_balances"": false}, ""status"": ""active"", ""version"": 1, ""description"": null}}",,2026-09-06 15:29:44.93723+00
01a07756-fdfa-72e2-91f8-50228c9fc892,1,initialized,"{""type"": ""initialized"", ""values"": {""id"": ""01a07756-fdfa-72e2-91f8-50228c9fc892"", ""code"": null, ""name"": ""KiLVCuQbwEdMqxKANK50UpgY7tELfYq7"", ""config"": {""enable_effective_balances"": false}, ""status"": ""active"", ""version"": 1, ""description"": null}}",,2026-09-06 15:29:45.345139+00
01a07757-0638-79e1-a089-baceb9440dfe,1,initialized,"{""type"": ""initialized"", ""values"": {""id"": ""01a07757-0638-79e1-a089-baceb9440dfe"", ""code"": null, ""name"": ""7CbiL7TCD2k2VDHAAoBlCkRGML1707vI"", ""config"": {""enable_effective_balances"": false}, ""status"": ""active"", ""version"": 1, ""description"": null}}",,2026-09-06 15:29:47.419173+00
01a07757-064b-7c73-8c77-f948cd74cf51,1,initialized,"{""type"": ""initialized"", ""values"": {""id"": ""01a07757-064b-7c73-8c77-f948cd74cf51"", ""code"": null, ""name"": ""2Pa7DLWQAkwn6SvVhAGsySh0WTk6ZRRU"", ""config"": {""enable_effective_balances"": false}, ""status"": ""active"", ""version"": 1, ""description"": null}}",,2026-09-06 15:29:47.086215+00
01a07757-074f-7882-bc35-1710e26d5cc9,1,initialized,"{""type"": ""initialized"", ""values"": {""id"": ""01a07757-074f-7882-bc35-1710e26d5cc9"", ""code"": null, ""name"": ""7oVEQ6PZSE9xMYABC4NoWCb658BNsOJn"", ""config"": {""enable_effective_balances"": false}, ""status"": ""active"", ""version"": 1, ""description"": null}}",,2026-09-06 15:29:47.347274+00
01a07757-079f-7931-b396-6f33eb02fcb1,1,initialized,"{""type"": ""initialized"", ""values"": {""id"": ""01a07757-079f-7931-b396-6f33eb02fcb1"", ""code"": null, ""name"": ""R7wgMSbb6zTEWfNjfdKYsOQMjp21VN5a"", ""config"": {""enable_effective_balances"": false}, ""status"": ""active"", ""version"": 1, ""description"": null}}",,2026-09-06 15:29:47.429601+00
01a07757-07a8-70e0-8e4a-d8a635bcbe2c,1,initialized,"{""type"": ""initialized"", ""values"": {""id"": ""01a07757-07a8-70e0-8e4a-d8a635bcbe2c"", ""code"": null, ""name"": ""wdAgIiYLVsRA3l6I8UGDx5AFhxuTdOBX"", ""config"": {""enable_effective_balances"": false}, ""status"": ""active"", ""version"": 1, ""description"": null}}",,2026-09-06 15:29:47.66132+00
01a07757-083a-7e82-89d1-ce6ce634ea8e,1,initialized,"{""type"": ""initialized"", ""values"": {""id"": ""01a07757-083a-7e82-89d1-ce6ce634ea8e"", ""code"": null, ""name"": ""vLdi1Nff1yffEodgITKmmoSWn9YrvRMN"", ""config"": {""enable_effective_balances"": false}, ""status"": ""active"", ""version"": 1, ""description"": null}}",,2026-09-06 15:29:47.579672+00
01a07757-0847-7c50-9139-9b8a7a2d38f4,1,initialized,"{""type"": ""initialized"", ""values"": {""id"": ""01a07757-0847-7c50-9139-9b8a7a2d38f4"", ""code"": null, ""name"": ""7MDBTBCJDbI7HjfJGr4U70HwfKIBHWIU"", ""config"": {""enable_effective_balances"": false}, ""status"": ""active"", ""version"": 1, ""description"": null}}",,2026-09-06 15:29:47.59653+00
01a07757-09ef-7c23-96ec-b5ba0ca88215,1,initialized,"{""type"": ""initialized"", ""values"": {""id"": ""01a07757-09ef-7c23-96ec-b5ba0ca88215"", ""code"": null, ""name"": ""iRsb7InTwnPAtpKCFRnNI2sfLtmAT6Y9"", ""config"": {""enable_effective_balances"": false}, ""status"": ""active"", ""version"": 1, ""description"": null}}",,2026-09-06 15:29:48.018624+00
01a07757-0a09-79f2-9f43-57f9f2a2b525,1,initialized,"{""type"": ""initialized"", ""values"": {""id"": ""01a07757-0a09-79f2-9f43-57f9f2a2b525"", ""code"": null, ""name"": ""j5GC7Rm3Trg2uMHJyPmdso7qyIFkPJkE"", ""config"": {""enable_effective_balances"": false}, ""status"": ""active"", ""version"": 1, ""description"": null}}",,2026-09-06 15:29:48.042757+00
01a07757-0ec6-7a70-bd40-b95b15f4f055,1,initialized,"{""type"": ""initialized"", ""values"": {""id"": ""01a07757-0ec6-7a70-bd40-b95b15f4f055"", ""code"": null, ""name"": ""x1iIT3gjU7gfN81WB9TtLITZqD1tSWJz"", ""config"": {""enable_effective_balances"": false}, ""status"": ""active"", ""version"": 1, ""description"": null}}",,2026-09-06 15:29:49.257379+00
01a07757-0fa1-74f3-a713-aa7f486ad2f3,1,initialized,"{""type"": ""initialized"", ""values"": {""id"": ""01a07757-0fa1-74f3-a713-aa7f486ad2f3"", ""code"": null, ""name"": ""GYZxNCHMzcT9PI8Ail7Ju5H6KrBEoOTV"", ""config"": {""enable_effective_balances"": false}, ""status"": ""active"", ""version"": 1, ""description"": null}}",,2026-09-06 15:29:49.474272+00
01a07757-0fdf-7120-acc3-46896495a63b,1,initialized,"{""type"": ""initialized"", ""values"": {""id"": ""01a07757-0fdf-7120-acc3-46896495a63b"", ""code"": null, ""name"": ""DNjRWuquYdL5pC159zmmsyzGZEuYGWli"", ""config"": {""enable_effective_balances"": false}, ""status"": ""active"", ""version"": 1, ""description"": null}}",,2026-09-06 15:29:49.53819+00
01a07757-118a-7102-af85-e89fd7570a38,1,initialized,"{""type"": ""initialized"", ""values"": {""id"": ""01a07757-118a-7102-af85-e89fd7570a38"", ""code"": null, ""name"": ""hUaDi6GpgzlIrEPa3YLFukHnmIJEe5Eq"", ""config"": {""enable_effective_balances"": false}, ""status"": ""active"", ""version"": 1, ""description"": null}}",,2026-09-06 15:29:49.963138+00
01a07757-1378-7010-bc81-c5e2a1348b88,1,initialized,"{""type"": ""initialized"", ""values"": {""id"": ""01a07757-1378-7010-bc81-c5e2a1348b88"", ""code"": null, ""name"": ""w0MB2cQpU1JdopyFqItYvQ25sy8xZe4y"", ""config"": {""enable_effective_balances"": false}, ""status"": ""active"", ""version"": 1, ""description"": null}}",,2026-09-06 15:29:50.46228+00
01a07757-13e2-7f22-89aa-e9d6f612c09d,1,initialized,"{""type"": ""initialized"", ""values"": {""id"": ""01a07757-13e2-7f22-89aa-e9d6f612c09d"", ""code"": null, ""name"": ""Fo0Ev7VGAnUEeDkZk9oJdNJbu6QjYMMu"", ""config"": {""enable_effective_balances"": false}, ""status"": ""active"", ""version"": 1, ""description"": null}}",,2026-09-06 15:29:50.563298+00
01a07757-1413-7782-9896-4d0744916039,1,initialized,"{""type"": ""initialized"", ""values"": {""id"": ""01a07757-1413-7782-9896-4d0744916039"", ""code"": null, ""name"": ""qluVIwcsmwMy4Fh8abN3Gp6DJfrzCquG"", ""config"": {""enable_effective_balances"": false}, ""status"": ""active"", ""version"": 1, ""description"": null}}",,2026-09-06 15:29:50.61429+00
01a07757-1506-7320-b721-8aaf961a72a4,1,initialized,"{""type"": ""initialized"", ""values"": {""id"": ""01a07757-1506-7320-b721-8aaf961a72a4"", ""code"": null, ""name"": ""LUFKT9YTMeXd3BYaCLLRSVS8oLdPR1S8"", ""config"": {""enable_effective_balances"": false}, ""status"": ""active"", ""version"": 1, ""description"": null}}",,2026-09-06 15:29:50.855834+00
01a07757-188b-7803-b9a9-ee97969e21e1,1,initialized,"{""type"": ""initialized"", ""values"": {""id"": ""01a07757-188b-7803-b9a9-ee97969e21e1"", ""code"": null, ""name"": ""edtsvRoJb36wMSsXdPBcmhpIPsVFq56M"", ""config"": {""enable_effective_balances"": false}, ""status"": ""active"", ""version"": 1, ""description"": null}}",,2026-09-06 15:29:51.756635+00
01a07757-3415-71b1-8a31-162540732dc7,1,initialized,"{""type"": ""initialized"", ""values"": {""id"": ""01a07757-3415-71b1-8a31-162540732dc7"", ""code"": null, ""name"": ""bH4BmV4m7Fw2kzc7GJY0QmgBNanYDjIq"", ""config"": {""enable_effective_balances"": false}, ""status"": ""active"", ""version"": 1, ""description"": null}}",,2026-09-06 15:29:58.806176+00
01a07757-3417-7df3-8b4f-15889efd2142,1,initialized,"{""type"": ""initialized"", ""values"": {""id"": ""01a07757-3417-7df3-8b4f-15889efd2142"", ""code"": null, ""name"": ""dx61PCrWhOPPK4LB0tepjmIRVkOTZ14y"", ""config"": {""enable_effective_balances"": false}, ""status"": ""active"", ""version"": 1, ""description"": null}}",,2026-09-06 15:29:58.807465+00
01a07757-36d2-74a1-b38b-f19ee7674061,1,initialized,"{""type"": ""initialized"", ""values"": {""id"": ""01a07757-36d2-74a1-b38b-f19ee7674061"", ""code"": null, ""name"": ""drh81rtGmrQyr5cD9ERv5ZTb5T9opuqY"", ""config"": {""enable_effective_balances"": false}, ""status"": ""active"", ""version"": 1, ""description"": null}}",,2026-09-06 15:29:59.507855+00
01a07757-3add-7432-9975-8ba6425c01b7,1,initialized,"{""type"": ""initialized"", ""values"": {""id"": ""01a07757-3add-7432-9975-8ba6425c01b7"", ""code"": null, ""name"": ""0SHwD3CKqnw2T9UplaBS4zkzOh4t8Rkm"", ""config"": {""enable_effective_balances"": false}, ""status"": ""active"", ""version"": 1, ""description"": null}}",,2025-01-01 12:00:00+00
01a07757-3ae8-7cb0-a046-09c1ef040890,1,initialized,"{""type"": ""initialized"", ""values"": {""id"": ""01a07757-3ae8-7cb0-a046-09c1ef040890"", ""code"": null, ""name"": ""0LKtlWPzJPlMEeNJbBC6sFuGChYfeDJg"", ""config"": {""enable_effective_balances"": false}, ""status"": ""active"", ""version"": 1, ""description"": null}}",,2025-09-21 08:15:00+00
01a07757-3b27-7851-90f4-9925c833b007,1,initialized,"{""type"": ""initialized"", ""values"": {""id"": ""01a07757-3b27-7851-90f4-9925c833b007"", ""code"": null, ""name"": ""X06XRpPhUE8YEaXqQbQTGha6yl9BNdSR"", ""config"": {""enable_effective_balances"": false}, ""status"": ""active"", ""version"": 1, ""description"": null}}",,2025-06-15 10:30:00+00
01a07757-3bb6-7260-8642-37791ed35604,1,initialized,"{""type"": ""initialized"", ""values"": {""id"": ""01a07757-3bb6-7260-8642-37791ed35604"", ""code"": null, ""name"": ""N0RgA7NqrB7Dl0UVU6NnwCXYcpxoyuyV"", ""config"": {""enable_effective_balances"": false}, ""status"": ""active"", ""version"": 1, ""description"": null}}",,2025-03-01 09:00:00+00
01a07757-6ae8-7753-a09e-e8bccbc3b14a,1,initialized,"{""type"": ""initialized"", ""values"": {""id"": ""01a07757-6ae8-7753-a09e-e8bccbc3b14a"", ""code"": null, ""name"": ""zEITqQtNRH7gsBoW1QQvO07AvtAoAByE"", ""config"": {""enable_effective_balances"": true}, ""status"": ""active"", ""version"": 1, ""description"": null}}",,2026-09-06 15:30:12.841045+00
01a07757-6af1-7963-9fe2-4daee4acb105,1,initialized,"{""type"": ""initialized"", ""values"": {""id"": ""01a07757-6af1-7963-9fe2-4daee4acb105"", ""code"": null, ""name"": ""PIncvYIYZRN6JAGn8IljyxSPx0TsI416"", ""config"": {""enable_effective_balances"": true}, ""status"": ""active"", ""version"": 1, ""description"": null}}",,2026-09-06 15:30:12.852196+00
01a07757-6b08-7150-a534-2b0b7828eef8,1,initialized,"{""type"": ""initialized"", ""values"": {""id"": ""01a07757-6b08-7150-a534-2b0b7828eef8"", ""code"": null, ""name"": ""YPPmapkuWjaXfMdf3OgooMgYeOEg11cO"", ""config"": {""enable_effective_balances"": true}, ""status"": ""active"", ""version"": 1, ""description"": null}}",,2026-09-06 15:30:12.873163+00
01a07757-6b0e-73b3-8af0-a4bbdc35ed0e,1,initialized,"{""type"": ""initialized"", ""values"": {""id"": ""01a07757-6b0e-73b3-8af0-a4bbdc35ed0e"", ""code"": null, ""name"": ""gthEvEJpS5s2bZXEJ6m9z2Dz8Aho0byz"", ""config"": {""enable_effective_balances"": true}, ""status"": ""active"", ""version"": 1, ""description"": null}}",,2026-09-06 15:30:12.88009+00
01a07757-6c0e-7733-b6e0-6d081b11755d,1,initialized,"{""type"": ""initialized"", ""values"": {""id"": ""01a07757-6c0e-7733-b6e0-6d081b11755d"", ""code"": null, ""name"": ""VOht3lIqTXjUoacS3ikWMXSBASS23OnQ"", ""config"": {""enable_effective_balances"": true}, ""status"": ""active"", ""version"": 1, ""description"": null}}",,2026-09-06 15:30:13.608281+00
01a07757-6cec-7a72-8dff-cbf874ec6d80,1,initialized,"{""type"": ""initialized"", ""values"": {""id"": ""01a07757-6cec-7a72-8dff-cbf874ec6d80"", ""code"": null, ""name"": ""NYvoblGDSjC9xmlSEJnDKOHzHLxZDoEI"", ""config"": {""enable_effective_balances"": true}, ""status"": ""active"", ""version"": 1, ""description"": null}}",,2026-09-06 15:30:13.3572+00
01a07757-72a0-7a51-8e2f-c392653aa1c6,1,initialized,"{""type"": ""initialized"", ""values"": {""id"": ""01a07757-72a0-7a51-8e2f-c392653aa1c6"", ""code"": null, ""name"": ""h0vRwXZeviKS9caVM4D7x9hMOMhy6GXm"", ""config"": {""enable_effective_balances"": true}, ""status"": ""active"", ""version"": 1, ""description"": null}}",,2026-09-06 15:30:14.818296+00
01a07757-72ec-71e0-bd1e-7d939dab7faa,1,initialized,"{""type"": ""initialized"", ""values"": {""id"": ""01a07757-72ec-71e0-bd1e-7d939dab7faa"", ""code"": null, ""name"": ""7fKtC6ImImuw2BtmevzfuOXnjVSizD1U"", ""config"": {""enable_effective_balances"": true}, ""status"": ""active"", ""version"": 1, ""description"": null}}",,2026-09-06 15:30:15.066815+00
01a07757-746c-7be0-b86d-fc88561cb42c,1,initialized,"{""type"": ""initialized"", ""values"": {""id"": ""01a07757-746c-7be0-b86d-fc88561cb42c"", ""code"": null, ""name"": ""SIY26yDRet5bLmD6fXVtjGyeu9ibQ0l1"", ""config"": {""enable_effective_balances"": true}, ""status"": ""active"", ""version"": 1, ""description"": null}}",,2026-09-06 15:30:15.280441+00
01a07757-759c-79b2-9f0a-1354e366fb56,1,initialized,"{""type"": ""initialized"", ""values"": {""id"": ""01a07757-759c-79b2-9f0a-1354e366fb56"", ""code"": null, ""name"": ""2j4fna0r9y9uFMqd0G47X12ucPBi73YL"", ""config"": {""enable_effective_balances"": true}, ""status"": ""active"", ""version"": 1, ""description"": null}}",,2026-09-06 15:30:15.581067+00
01a07757-79b1-7fa1-a073-017d68bb6824,1,initialized,"{""type"": ""initialized"", ""values"": {""id"": ""01a07757-79b1-7fa1-a073-017d68bb6824"", ""code"": null, ""name"": ""XgkVENJl2rB9kNCGwp4TabDRhaA6Opnr"", ""config"": {""enable_effective_balances"": false}, ""status"": ""active"", ""version"": 1, ""description"": null}}",,2026-09-06 15:30:16.626081+00
01a07757-7bb3-7cb1-b3c3-7a0546a8a9cf,1,initialized,"{""type"": ""initialized"", ""values"": {""id"": ""01a07757-7bb3-7cb1-b3c3-7a0546a8a9cf"", ""code"": null, ""name"": ""mnJpTE3XNveCtOy9Le9gFCUATahbilpZ"", ""config"": {""enable_effective_balances"": false}, ""status"": ""active"", ""version"": 1, ""description"": null}}",,2026-09-06 15:30:17.13971+00
01a07757-903e-7103-982e-76a0f321d911,1,initialized,"{""type"": ""initialized"", ""values"": {""id"": ""01a07757-903e-7103-982e-76a0f321d911"", ""code"": null, ""name"": ""uJ4t1p102SIHg0zHh5XwO1iYXOm7MFaW"", ""config"": {""enable_effective_balances"": false}, ""status"": ""active"", ""version"": 1, ""description"": null}}",,2026-09-06 15:30:22.40065+00
01a07757-90ea-7170-97d6-dd28ca359de0,1,initialized,"{""type"": ""initialized"", ""values"": {""id"": ""01a07757-90ea-7170-97d6-dd28ca359de0"", ""code"": null, ""name"": ""9bKxzFEeS8xQR9FbzgfIF0vretbxAPAW"", ""config"": {""enable_effective_balances"": false}, ""status"": ""active"", ""version"": 1, ""description"": null}}",,2026-09-06 15:30:22.577319+00
01a07757-90f6-7ca2-9931-c03ede6acaf9,1,initialized,"{""type"": ""initialized"", ""values"": {""id"": ""01a07757-90f6-7ca2-9931-c03ede6acaf9"", ""code"": null, ""name"": ""0bApY9fOoDN4ZDHfOMaNF7nZDVmKUTXO"", ""config"": {""enable_effective_balances"": false}, ""status"": ""active"", ""version"": 1, ""description"": null}}",,2026-09-06 15:30:22.584168+00
01a07757-9102-7c80-b07f-9cfe7b06dc0a,1,initialized,"{""type"": ""initialized"", ""values"": {""id"": ""01a07757-9102-7c80-b07f-9cfe7b06dc0a"", ""code"": null, ""name"": ""h1NEKoHXiha5OQAEa4TZ1ioF6CVhLgcM"", ""config"": {""enable_effective_balances"": false}, ""status"": ""active"", ""version"": 1, ""description"": null}}",,2026-09-06 15:30:22.595849+00
01a07757-9218-7a80-bb8e-ad900531f7e6,1,initialized,"{""type"": ""initialized"", ""values"": {""id"": ""01a07757-9218-7a80-bb8e-ad900531f7e6"", ""code"": null, ""name"": ""SZrpRsu2oNAQyIEYXtW8MpdH7Od69iAJ"", ""config"": {""enable_effective_balances"": false}, ""status"": ""active"", ""version"": 1, ""description"": null}}",,2026-09-06 15:30:23.21581+00
01a07757-92e2-72f2-93f2-9c1020301029,1,initialized,"{""type"": ""initialized"", ""values"": {""id"": ""01a07757-92e2-72f2-93f2-9c1020301029"", ""code"": null, ""name"": ""s23uPQIrJ55vGbScn6DRFyu7k37HfNyT"", ""config"": {""enable_effective_balances"": false}, ""status"": ""active"", ""version"": 1, ""description"": null}}",,2026-09-06 15:30:23.075486+00
01a07757-94a6-7810-ab43-bb6bfd1baf20,1,initialized,"{""type"": ""initialized"", ""values"": {""id"": ""01a07757-94a6-7810-ab43-bb6bfd1baf20"", ""code"": null, ""name"": ""dhB6CBj0r8dKDBRX0UQM6R5HHUeb6F4c"", ""config"": {""enable_effective_balances"": false}, ""status"": ""active"", ""version"": 1, ""description"": null}}",,2026-09-06 15:30:23.535308+00
01a07757-9506-7103-9ec6-09cbefd8da74,1,initialized,"{""type"": ""initialized"", ""values"": {""id"": ""01a07757-9506-7103-9ec6-09cbefd8da74"", ""code"": null, ""name"": ""fDKEBJMmOx4acA6zkLkZpyTjp8pF1wqO"", ""config"": {""enable_effective_balances"": false}, ""status"": ""active"", ""version"": 1, ""description"": null}}",,2026-09-06 15:30:23.622839+00
01a07757-984c-75b0-ae88-ac75c0c27c9f,1,initialized,"{""type"": ""initialized"", ""values"": {""id"": ""01a07757-984c-75b0-ae88-ac75c0c27c9f"", ""code"": null, ""name"": ""SMH4rvfUWaR2ORUYKcfn3uAQgooHU7pv"", ""config"": {""enable_effective_balances"": false}, ""status"": ""active"", ""version"": 1, ""description"": null}}",,2026-09-06 15:30:24.469282+00
01a07757-998c-76c2-a8a9-4397148323cd,1,initialized,"{""type"": ""initialized"", ""values"": {""id"": ""01a07757-998c-76c2-a8a9-4397148323cd"", ""code"": null, ""name"": ""slH0Zi6wzICDHLJkZW2NCg9debd0CyFI"", ""config"": {""enable_effective_balances"": false}, ""status"": ""active"", ""version"": 1, ""description"": null}}",,2026-09-06 15:30:24.781746+00
01a07757-998e-7950-992f-849adc533de3,1,initialized,"{""type"": ""initialized"", ""values"": {""id"": ""01a07757-998e-7950-992f-849adc533de3"", ""code"": null, ""name"": ""qUQTeyVGTR1AKDMKWmjooEANJ56nUfET"", ""config"": {""enable_effective_balances"": false}, ""status"": ""active"", ""version"": 1, ""description"": null}}",,2026-09-06 15:30:24.785375+00
01a07757-99b6-7ff0-bf13-83dd6ad07a1e,1,initialized,"{""type"": ""initialized"", ""values"": {""id"": ""01a07757-99b6-7ff0-bf13-83dd6ad07a1e"", ""code"": null, ""name"": ""i5ARVTuSsa4zBH0DNtXIpDWfxa0Jhb9O"", ""config"": {""enable_effective_balances"": false}, ""status"": ""active"", ""version"": 1, ""description"": null}}",,2026-09-06 15:30:24.823493+00
01a07757-9b49-78d2-ba3e-8cb7e6c2f25d,1,initialized,"{""type"": ""initialized"", ""values"": {""id"": ""01a07757-9b49-78d2-ba3e-8cb7e6c2f25d"", ""code"": null, ""name"": ""NKR41VoF4MQr6KPdZyUAHQlJThU2oecg"", ""config"": {""enable_effective_balances"": true}, ""status"": ""active"", ""version"": 1, ""description"": null}}",,2026-09-06 15:30:25.47176+00
01a07757-9fb2-7d52-8bc6-bc50b332b733,1,initialized,"{""type"": ""initialized"", ""values"": {""id"": ""01a07757-9fb2-7d52-8bc6-bc50b332b733"", ""code"": null, ""name"": ""8wdIb7upSBSJ9yvdZViZ2RsjabOsg2e7"", ""config"": {""enable_effective_balances"": false}, ""status"": ""active"", ""version"": 1, ""description"": null}}",,2026-09-06 15:30:26.35671+00
01a07757-ab63-7f51-8139-13159b30f81d,1,initialized,"{""type"": ""initialized"", ""values"": {""id"": ""01a07757-ab63-7f51-8139-13159b30f81d"", ""code"": null, ""name"": ""eWybnjoqPx4rTPWrZwKEw2KrvByb8VYj"", ""config"": {""enable_effective_balances"": false}, ""status"": ""active"", ""version"": 1, ""description"": null}}",,2026-09-06 15:30:29.348229+00
01a07757-b0c8-7ea0-88b0-adc59c62c159,1,initialized,"{""type"": ""initialized"", ""values"": {""id"": ""01a07757-b0c8-7ea0-88b0-adc59c62c159"", ""code"": null, ""name"": ""1Wd8uNYwNOUpK8z3SYeQVgAFLlZTGEgv"", ""config"": {""enable_effective_balances"": false}, ""status"": ""active"", ""version"": 1, ""description"": null}}",,2026-09-06 15:30:30.729153+00
01a07757-b0cc-7a73-9477-1f6162235881,1,initialized,"{""type"": ""initialized"", ""values"": {""id"": ""01a07757-b0cc-7a73-9477-1f6162235881"", ""code"": null, ""name"": ""VLZEozYArrUUeisOvgHQm5QII3Q6klNN"", ""config"": {""enable_effective_balances"": false}, ""status"": ""active"", ""version"": 1, ""description"": null}}",,2026-09-06 15:30:30.735383+00
01a07757-b0fa-72a1-af99-605273fa43b7,1,initialized,"{""type"": ""initialized"", ""values"": {""id"": ""01a07757-b0fa-72a1-af99-605273fa43b7"", ""code"": null, ""name"": ""NGf54Ekj8j3NggwcdKlDHfXBel2FhScP"", ""config"": {""enable_effective_balances"": false}, ""status"": ""active"", ""version"": 1, ""description"": null}}",,2026-09-06 15:30:30.779742+00
01a07757-b0ff-7ae2-9f77-c9f93ce94090,1,initialized,"{""type"": ""initialized"", ""values"": {""id"": ""01a07757-b0ff-7ae2-9f77-c9f93ce94090"", ""code"": null, ""name"": ""qAJ8oGcYn0YnmBQQoOy77qBrVJyiZKlk"", ""config"": {""enable_effective_balances"": false}, ""status"": ""active"", ""version"": 1, ""description"": null}}",,2026-09-06 15:30:30.786843+00
01a07757-b108-7771-bcb9-59bac292af91,1,initialized,"{""type"": ""initialized"", ""values"": {""id"": ""01a07757-b108-7771-bcb9-59bac292af91"", ""code"": null, ""name"": ""OmVcPwfhaISa6f07Q8cvPzzZGXy6cxMb"", ""config"": {""enable_effective_balances"": false}, ""status"": ""active"", ""version"": 1, ""description"": null}}",,2026-09-06 15:30:30.793707+00
01a07757-b128-7d31-8abe-d2fecdd5d188,1,initialized,"{""type"": ""initialized"", ""values"": {""id"": ""01a07757-b128-7d31-8abe-d2fecdd5d188"", ""code"": null, ""name"": ""PneOs85HgZ7EaqzTZZZuVFspbmAzFbjL"", ""config"": {""enable_effective_balances"": false}, ""status"": ""active"", ""version"": 1, ""description"": null}}",,2026-09-06 15:30:30.826301+00
01a07757-b129-7442-bc60-8b5951028d23,1,initialized,"{""type"": ""initialized"", ""values"": {""id"": ""01a07757-b129-7442-bc60-8b5951028d23"", ""code"": null, ""name"": ""ZGhRLlHX2lfkBuLmBEhaCzNA4LTPxYLS"", ""config"": {""enable_effective_balances"": false}, ""status"": ""active"", ""version"": 1, ""description"": null}}",,2026-09-06 15:30:30.826392+00
01a07757-b310-7d91-b68c-74ecc99476dd,1,initialized,"{""type"": ""initialized"", ""values"": {""id"": ""01a07757-b310-7d91-b68c-74ecc99476dd"", ""code"": null, ""name"": ""rkB0LHLk84BgFujFSWFcqd5Pya6Ue05i"", ""config"": {""enable_effective_balances"": false}, ""status"": ""active"", ""version"": 1, ""description"": null}}",,2026-09-06 15:30:31.315398+00
01a07757-b8cc-7d73-8fc8-8d3b3bc43b72,1,initialized,"{""type"": ""initialized"", ""values"": {""id"": ""01a07757-b8cc-7d73-8fc8-8d3b3bc43b72"", ""code"": null, ""name"": ""FiEdwwUVoyYGrd64ncGL5BpJENBhgxW5"", ""config"": {""enable_effective_balances"": false}, ""status"": ""active"", ""version"": 1, ""description"": null}}",,2026-09-06 15:30:32.78228+00
01a07757-b924-7d11-bd7e-dd45440c1b67,1,initialized,"{""type"": ""initialized"", ""values"": {""id"": ""01a07757-b924-7d11-bd7e-dd45440c1b67"", ""code"": null, ""name"": ""trmTo5mglm0MYfm1YSgFCXVn6h64ifv2"", ""config"": {""enable_effective_balances"": false}, ""status"": ""active"", ""version"": 1, ""description"": null}}",,2026-09-06 15:30:32.874662+00
