account_set_id,member_account_id,created_at
01a07756-fd13-7703-b040-8f8eb8551d9d,01a07757-014e-7a10-a8d8-e52da3322a77,2026-09-06 15:29:45.837022+00
01a07756-ff22-7672-8dea-b4e832d9a58b,01a07756-ff55-7782-98a2-1155434e7c9d,2026-09-06 15:29:45.330289+00
01a07756-ffe1-74b0-8c31-baa3bfaa1826,01a07757-014e-7a10-a8d8-e52da3322a77,2026-09-06 15:29:45.865599+00
01a07757-07d7-7a03-a1f6-6802464349aa,01a07757-076a-7012-8b97-bb77c1312dcd,2026-09-06 15:29:48.714633+00
01a07757-07e9-7981-b193-01454552c62b,01a07757-076a-7012-8b97-bb680895f24f,2026-09-06 15:29:48.714633+00
01a07757-0b91-7820-b8a8-0a7b5ad923dd,01a07757-0b03-75c2-bffa-22fc48247820,2026-09-06 15:29:48.588226+00
01a07757-0bd0-79b3-bc98-a10863de3e68,01a07757-0b03-75c2-bffa-22e7c4c57acf,2026-09-06 15:29:48.650397+00
01a07757-0d40-76f1-8a1f-183e337e4ef9,01a07757-0b28-7eb3-891b-3f7572093948,2026-09-06 15:29:48.94799+00
01a07757-0fb7-7462-b19f-0a85d24a56fc,01a07757-14c6-7cb0-86d4-281f3875f473,2026-09-06 15:29:50.817066+00
01a07757-0ff3-7c42-a7bb-2616f24b499b,01a07757-129f-78f2-8bc9-b43f409f6005,2026-09-06 15:29:50.278306+00
01a07757-1026-7c93-bd05-25a57710590a,01a07757-10d6-7c91-a186-25147fce887c,2026-09-06 15:29:49.90489+00
01a07757-11d0-7360-8605-7ebbb91070ec,01a07757-0fec-7c30-bafa-bc1ac19feba1,2026-09-06 15:29:50.306964+00
01a07757-11f6-7ab3-937c-b7e1a5cee91f,01a07757-0fec-7c30-bafa-bc086192213e,2026-09-06 15:29:50.423269+00
01a07757-11f6-7ab3-937c-b7e1a5cee91f,01a07757-0fec-7c30-bafa-bc1ac19feba1,2026-09-06 15:29:50.34878+00
01a07757-1309-79e1-918d-d8b1c08e935b,01a07757-13ce-7c90-9a79-092a4d747ac0,2026-09-06 15:29:50.642303+00
01a07757-1309-79e1-918d-d8b1c08e935b,01a07757-13ce-7c90-9a79-093af3de4493,2026-09-06 15:29:51.705729+00
01a07757-1309-79e1-918d-d8b1c08e935b,01a07757-1887-7ef2-94ee-305dbd98867d,2026-09-06 15:29:51.771805+00
01a07757-1329-7270-80bd-730e11aaff05,01a07757-1887-7ef2-94ee-306ef54d1b4d,2026-09-06 15:29:51.771805+00
01a07757-14ae-7a12-a427-9e1d105d391e,01a07757-14c6-7cb0-86d4-281f3875f473,2026-09-06 15:29:50.801803+00
01a07757-14b8-7ce0-abb3-b1d7ee1d9018,01a07757-1658-7a10-87bc-40d599fb7dcb,2026-09-06 15:29:51.270245+00
01a07757-14b8-7ce0-abb3-b1d7ee1d9018,01a07757-1673-7bc2-bc92-c408f57b2e85,2026-09-06 15:29:51.339171+00
01a07757-14b8-7ce0-abb3-b1d7ee1d9018,01a07757-1690-7893-a824-761132900fa7,2026-09-06 15:29:51.376077+00
01a07757-1559-7731-99d6-9a8cb94f5f01,01a07757-10d6-7c91-a186-252caa5ac4ab,2026-09-06 15:29:50.937281+00
01a07757-1719-78e0-95e7-0139e77f4f79,01a07757-16af-7413-a023-42ac3fd03ef1,2026-09-06 15:29:51.496678+00
01a07757-1719-78e0-95e7-0139e77f4f79,01a07757-16af-7413-a023-42b4fec197a3,2026-09-06 15:29:51.409191+00
01a07757-18c6-71b3-a682-8ce4ff48a5de,01a07757-1898-72a3-a398-1b35d11e5a04,2026-09-06 15:29:51.83483+00
01a07757-3712-7a00-9b00-fd2916b3884c,01a07757-36e1-7151-ad48-53cdddf6fa33,2026-09-06 15:29:59.593037+00
01a07757-3712-7a00-9b00-fd2916b3884c,01a07757-3700-7172-8434-3dda4289d498,2026-09-06 15:29:59.620023+00
01a07757-97a2-7842-b767-ad5761d52c3a,01a07757-9430-76b3-a30a-1ef657dd44bf,2026-09-06 15:30:24.411509+00
01a07757-97a2-7842-b767-ad5761d52c3a,01a07757-9430-76b3-a30a-1f0df2c6e311,2026-09-06 15:30:24.578138+00
01a07757-97d9-72f2-ba56-681a89241c8d,01a07757-9430-76b3-a30a-1ef657dd44bf,2026-09-06 15:30:24.62264+00
01a07757-97d9-72f2-ba56-681a89241c8d,01a07757-9430-76b3-a30a-1f0df2c6e311,2026-09-06 15:30:24.662367+00
01a07757-b309-7140-a6cc-05135f5aeeaf,01a07757-b393-73a3-8652-9076c401b7da,2026-09-06 15:30:31.501228+00
01a07757-b309-7140-a6cc-052c99f2cbd2,01a07757-b3ff-78c0-8239-7422dcc7ad06,2026-09-06 15:30:31.633277+00
01a07757-b369-7b70-b2ca-d0f16fd1d1f8,01a07757-b4a0-75c2-bff0-7ba33560827f,2026-09-06 15:30:32.176403+00
01a07757-b4de-7ae1-a441-6e5a9cac06b3,01a07757-b463-7bd0-bed9-2da829223d06,2026-09-06 15:30:31.84515+00
01a07757-b906-7403-809b-8429509edb34,01a07757-b928-7f51-ac03-5c50fe250f67,2026-09-06 15:30:32.889657+00
01a07757-b97b-7df3-bd44-1d2ab49f3b66,01a07757-b9b2-7d92-bd6e-59aa3c9e5790,2026-09-06 15:30:33.026711+00
01a07757-b97b-7df3-bd44-1d2ab49f3b66,01a07757-b9d8-7372-b165-ad183581b35b,2026-09-06 15:30:33.062284+00
