account_set_id,member_account_set_id,created_at
01a07756-fce9-7ef1-b45c-3344e41f13bf,01a07756-fd3f-7312-bac2-07a2f16a2d3c,2026-09-06 15:29:45.426419+00
01a07756-fd02-79b2-a4b8-0e7b76b67e03,01a07756-fd02-79b2-a4b8-0e82d3431d89,2026-09-06 15:29:46.665514+00
01a07756-fd02-79b2-a4b8-0e82d3431d89,01a07756-fd02-79b2-a4b8-0e9e1b833158,2026-09-06 15:29:46.665514+00
01a07756-fd02-79b2-a4b8-0e9e1b833158,01a07756-fd02-79b2-a4b8-0ea5f8ac2e14,2026-09-06 15:29:46.665514+00
01a07756-fd02-79b2-a4b8-0ea5f8ac2e14,01a07756-fd02-79b2-a4b8-0ebbd23e6b48,2026-09-06 15:29:46.665514+00
01a07756-fd19-7703-974e-ba91847e3849,01a07756-fe07-7352-8cdd-10bae904518f,2026-09-06 15:29:46.073963+00
01a07756-fe07-7352-8cdd-10bae904518f,01a07756-ffca-7650-9a0b-f9e0d7314f25,2026-09-06 15:29:46.101078+00
01a07756-ffad-7eb1-88f6-b68375d40999,01a07756-ffe1-74b0-8c31-baa3bfaa1826,2026-09-06 15:29:45.45741+00
01a07756-ffca-7650-9a0b-f9e0d7314f25,01a07757-0004-7bc0-a2df-2c08fe983923,2026-09-06 15:29:46.128602+00
01a07756-ffd9-7c91-a388-ea3d5ed9a0f9,01a07757-00f9-7833-9c36-8329865e5199,2026-09-06 15:29:45.772013+00
01a07757-0004-7bc0-a2df-2c08fe983923,01a07757-0018-73d2-8944-7fdbb2d38357,2026-09-06 15:29:46.200103+00
01a07757-0018-73d2-8944-7fdbb2d38357,01a07757-0043-7f71-bc0f-9d6449ca37af,2026-09-06 15:29:46.232301+00
01a07757-0043-7f71-bc0f-9d6449ca37af,01a07757-0051-7172-aadb-a188dbc7744f,2026-09-06 15:29:46.271634+00
01a07757-0051-7172-aadb-a188dbc7744f,01a07757-0070-7b32-bd84-2ddeacb9f43d,2026-09-06 15:29:46.310062+00
01a07757-0070-7b32-bd84-2ddeacb9f43d,01a07757-007c-7720-9ec9-00701b014435,2026-09-06 15:29:46.336995+00
01a07757-007c-7720-9ec9-00701b014435,01a07757-008f-7f13-9626-5636c56ec08f,2026-09-06 15:29:46.37029+00
01a07757-044c-7e10-b8bc-3fb3b339e549,01a07757-044c-7e10-b8bc-3fc912dd7b9b,2026-09-06 15:29:46.715422+00
01a07757-044c-7e10-b8bc-3fc912dd7b9b,01a07757-044c-7e10-b8bc-3fd1576c5ed2,2026-09-06 15:29:46.761285+00
01a07757-044c-7e10-b8bc-3fd1576c5ed2,01a07757-044c-7e10-b8bc-3fee9b265602,2026-09-06 15:29:46.807607+00
01a07757-044c-7e10-b8bc-3fee9b265602,01a07757-044c-7e10-b8bc-3ffeaddf47a5,2026-09-06 15:29:46.882931+00
01a07757-0bac-70d2-9e52-1dde504f7047,01a07757-07d7-7a03-a1f6-6802464349aa,2026-09-06 15:29:48.531315+00
01a07757-0bac-70d2-9e52-1dde504f7047,01a07757-07e9-7981-b193-01454552c62b,2026-09-06 15:29:48.616066+00
01a07757-0c02-7482-84e3-1cb8e58d32c8,01a07757-0b91-7820-b8a8-0a7b5ad923dd,2026-09-06 15:29:49.297591+00
01a07757-0c02-7482-84e3-1cb8e58d32c8,01a07757-0bd0-79b3-bc98-a10863de3e68,2026-09-06 15:29:49.384305+00
01a07757-0fb7-7462-b19f-0a85d24a56fc,01a07757-0ff3-7c42-a7bb-2616f24b499b,2026-09-06 15:29:50.129797+00
01a07757-0fb7-7462-b19f-0a85d24a56fc,01a07757-10f6-7402-85f8-3d964d4ba060,2026-09-06 15:29:50.192554+00
01a07757-0fe0-7571-8c00-ca2db2fb4028,01a07757-1026-7c93-bd05-25a57710590a,2026-09-06 15:29:49.694275+00
01a07757-0fe0-7571-8c00-ca2db2fb4028,01a07757-1064-7f72-9b66-ce2a15971ea3,2026-09-06 15:29:49.751245+00
01a07757-0ff3-7c42-a7bb-2616f24b499b,01a07757-1321-79d3-a0ef-1facebe3bfc2,2026-09-06 15:29:50.388823+00
01a07757-11f0-76b2-9f30-15b7e891e361,01a07757-1309-79e1-918d-d8b1c08e935b,2026-09-06 15:29:50.422183+00
01a07757-11f0-76b2-9f30-15b7e891e361,01a07757-1329-7270-80bd-730e11aaff05,2026-09-06 15:29:50.5019+00
01a07757-11f6-7ab3-937c-b7e1a5cee91f,01a07757-11a5-73a2-a7f0-65d9121af084,2026-09-06 15:29:50.211315+00
01a07757-1361-7c41-9478-8112ee8bbe4a,01a07757-1397-7291-a0d2-cbf7d1fc3bb7,2026-09-06 15:29:50.560277+00
01a07757-1397-7291-a0d2-cbf7d1fc3bb7,01a07757-13ab-77f2-a04f-c08fb8231aa2,2026-09-06 15:29:50.602869+00
01a07757-13c7-7052-b7ee-bb3f9ea13133,01a07757-13ab-77f2-a04f-c08fb8231aa2,2026-09-06 15:29:50.663293+00
01a07757-14de-7083-b87f-df1420ddb03d,01a07757-151c-7db2-ab63-13145f55ee8f,2026-09-06 15:29:51.221919+00
01a07757-151c-7db2-ab63-13145f55ee8f,01a07757-1543-73e3-8c68-62b9acbffa5d,2026-09-06 15:29:51.262234+00
01a07757-1526-7251-97f4-4252323cf9c7,01a07757-1544-7121-8d67-006d226f0453,2026-09-06 15:29:51.017194+00
01a07757-1526-7251-97f4-4252323cf9c7,01a07757-1683-7fd0-8e45-dc150c22c139,2026-09-06 15:29:51.26766+00
01a07757-1543-73e3-8c68-62b9acbffa5d,01a07757-1563-7c13-bfb6-8f5aa4bcd9b3,2026-09-06 15:29:51.294316+00
01a07757-1544-7121-8d67-006d226f0453,01a07757-1573-7841-9483-94a16ab47d20,2026-09-06 15:29:51.075514+00
01a07757-1563-7c13-bfb6-8f5aa4bcd9b3,01a07757-157e-7c10-9d8f-5fe337a998d3,2026-09-06 15:29:51.356478+00
01a07757-157e-7c10-9d8f-5fe337a998d3,01a07757-1591-7dc3-94e8-1cb831a0f5df,2026-09-06 15:29:51.398072+00
01a07757-1591-7dc3-94e8-1cb831a0f5df,01a07757-15ba-7033-9652-5b33a17e4d9d,2026-09-06 15:29:51.434984+00
01a07757-15ba-7033-9652-5b33a17e4d9d,01a07757-15d0-7ca1-a6ac-9dfcf40c1039,2026-09-06 15:29:51.47921+00
01a07757-15d0-7ca1-a6ac-9dfcf40c1039,01a07757-15fc-7bd0-97f3-4cac5a0452d8,2026-09-06 15:29:51.509057+00
01a07757-15fc-7bd0-97f3-4cac5a0452d8,01a07757-1609-7203-884c-3e558dc55ee3,2026-09-06 15:29:51.537282+00
01a07757-1609-7203-884c-3e558dc55ee3,01a07757-1619-7043-ab6e-a1e3a608f381,2026-09-06 15:29:51.569898+00
01a07757-1619-7043-ab6e-a1e3a608f381,01a07757-1629-7613-b694-c12187687723,2026-09-06 15:29:51.591475+00
01a07757-1629-7613-b694-c12187687723,01a07757-1633-7981-97b7-499c2be2761e,2026-09-06 15:29:51.608483+00
01a07757-1633-7981-97b7-499c2be2761e,01a07757-163e-7011-9c21-2c436c90ec86,2026-09-06 15:29:51.623369+00
01a07757-163e-7011-9c21-2c436c90ec86,01a07757-1649-7201-91f7-05a475500d83,2026-09-06 15:29:51.641871+00
01a07757-1649-7201-91f7-05a475500d83,01a07757-1656-7a60-9d7e-8954f4cf48b3,2026-09-06 15:29:51.657675+00
01a07757-1656-7a60-9d7e-8954f4cf48b3,01a07757-165f-7c73-b12e-fd76a6115742,2026-09-06 15:29:51.674229+00
01a07757-1719-78e0-95e7-0139e77f4f79,01a07757-16ef-7a93-95d6-a1532be61a3e,2026-09-06 15:29:51.457787+00
01a07757-1719-78e0-95e7-0139e77f4f79,01a07757-16fd-7962-9927-9f83f0014784,2026-09-06 15:29:51.522222+00
01a07757-b95c-7e11-a639-bd18d02cbb8a,01a07757-b97b-7df3-bd44-1d2ab49f3b66,2026-09-06 15:30:32.973544+00
